INSERT INTO "KMAGRYTA"."TYPPRACOWNIKA" (IDTPR, SPECJALIZACJA) VALUES ('1', 'Kardiolog');
INSERT INTO "KMAGRYTA"."TYPPRACOWNIKA" (IDTPR, SPECJALIZACJA) VALUES ('2', 'Ginekolog');
INSERT INTO "KMAGRYTA"."TYPPRACOWNIKA" (IDTPR, SPECJALIZACJA) VALUES ('3', 'Ortopeda');

INSERT INTO "KMAGRYTA"."PRACOWNIK" (PESEL, IMIE, NAZWISKO, WYNAGRODZENIE, TYPPRACOWNIKA_IDTPR, CZY_ZATRUDNIONY) VALUES ('95102812345', 'Kamil', 'Magryta', '10000', '1', '1');
INSERT INTO "KMAGRYTA"."PRACOWNIK" (PESEL, IMIE, NAZWISKO, WYNAGRODZENIE, TYPPRACOWNIKA_IDTPR, CZY_ZATRUDNIONY) VALUES ('95040512345', 'Jakub', 'Olszak', '1000', '3', '1');
INSERT INTO "KMAGRYTA"."PRACOWNIK" (PESEL, IMIE, NAZWISKO, WYNAGRODZENIE, TYPPRACOWNIKA_IDTPR, CZY_ZATRUDNIONY) VALUES ('90010112345', 'Sylwester', 'Kowalski', '2000', '2', '1');

INSERT INTO "KMAGRYTA"."TYPURZADZENIA" (IDTUR, NAZWA_TYPU) VALUES ('1', 'Kardiogram');
INSERT INTO "KMAGRYTA"."TYPURZADZENIA" (IDTUR, NAZWA_TYPU) VALUES ('2', 'Rentgen');
INSERT INTO "KMAGRYTA"."TYPURZADZENIA" (IDTUR, NAZWA_TYPU) VALUES ('3', 'Skalpel');

INSERT INTO "KMAGRYTA"."URZADZENIE" (IDUR, DATA_ZAKUPU, TYPURZADZENIA_IDTUR) VALUES ('1', TO_DATE('2017-01-25 15:20:51', 'YYYY-MM-DD HH24:MI:SS'), '1');
INSERT INTO "KMAGRYTA"."URZADZENIE" (IDUR, DATA_ZAKUPU, TYPURZADZENIA_IDTUR) VALUES ('2', TO_DATE('2017-01-09 15:20:57', 'YYYY-MM-DD HH24:MI:SS'), '2');
INSERT INTO "KMAGRYTA"."URZADZENIE" (IDUR, DATA_ZAKUPU, TYPURZADZENIA_IDTUR) VALUES ('3', TO_DATE('2017-01-03 15:21:01', 'YYYY-MM-DD HH24:MI:SS'), '3');

INSERT INTO "KMAGRYTA"."TYPGABINETU" (IDTGAB, NAZWA_RODZAJU_GABINETU) VALUES ('1', 'Kardiologiczny');
INSERT INTO "KMAGRYTA"."TYPGABINETU" (IDTGAB, NAZWA_RODZAJU_GABINETU) VALUES ('2', 'Ginekologiczny');
INSERT INTO "KMAGRYTA"."TYPGABINETU" (IDTGAB, NAZWA_RODZAJU_GABINETU) VALUES ('3', 'Ortopedyczny');

INSERT INTO "KMAGRYTA"."GABINET" (IDGAB, NR_PIETRA, NR_POKOJU, TYPGABINETU_IDTGAB) VALUES ('1', '1', '1', '1');
INSERT INTO "KMAGRYTA"."GABINET" (IDGAB, NR_PIETRA, NR_POKOJU, TYPGABINETU_IDTGAB) VALUES ('2', '2', '1', '2');
INSERT INTO "KMAGRYTA"."GABINET" (IDGAB, NR_PIETRA, NR_POKOJU, TYPGABINETU_IDTGAB) VALUES ('3', '3', '1', '2');
INSERT INTO "KMAGRYTA"."GABINET" (IDGAB, NR_PIETRA, NR_POKOJU, TYPGABINETU_IDTGAB) VALUES ('4', '4', '1', '1');

INSERT INTO "KMAGRYTA"."TYPSALI" (IDTS, NAZWA_TYPU_SALI) VALUES ('1', 'Kardiologiczna');
INSERT INTO "KMAGRYTA"."TYPSALI" (IDTS, NAZWA_TYPU_SALI) VALUES ('2', 'OIOM');
INSERT INTO "KMAGRYTA"."TYPSALI" (IDTS, NAZWA_TYPU_SALI) VALUES ('3', 'Plastyczna');

INSERT INTO "KMAGRYTA"."TYPZABIEGU" (IDTZA, NAZWA_ZABIEGU, TYPSALI_IDTS) VALUES ('1', 'Transplantacja serca', '1');
INSERT INTO "KMAGRYTA"."TYPZABIEGU" (IDTZA, NAZWA_ZABIEGU, TYPSALI_IDTS) VALUES ('2', 'Operacja zmiany twarzy', '3');

INSERT INTO "KMAGRYTA"."PACJENT" (PESEL, IMIE, NAZWISKO) VALUES ('80101012121', 'Jan', 'Kowalski');
INSERT INTO "KMAGRYTA"."PACJENT" (PESEL, IMIE, NAZWISKO) VALUES ('91101011111', 'Sebastian', 'Głowacki');
INSERT INTO "KMAGRYTA"."PACJENT" (PESEL, IMIE, NAZWISKO) VALUES ('919020222222', 'Grażyna', 'Nowak');

INSERT INTO "KMAGRYTA"."SALA" (IDS, NR_SALI, NR_PIETRA, TYPSALI_IDTS) VALUES ('1', '2', '2', '1');
INSERT INTO "KMAGRYTA"."SALA" (IDS, NR_SALI, NR_PIETRA, TYPSALI_IDTS) VALUES ('2', '3', '3', '3');

INSERT INTO "KMAGRYTA"."PREFGODZP" (IDPRP, DZIEN, "start", KONIEC, PRACOWNIK_PESEL) VALUES ('1', 'Pon', TO_DATE('2017-01-10 05:07:03', 'YYYY-MM-DD HH24:MI:SS'), TO_DATE('2017-01-27 11:07:12', 'YYYY-MM-DD HH24:MI:SS'), '95102812345');
INSERT INTO "KMAGRYTA"."PREFGODZP" (IDPRP, DZIEN, "start", KONIEC, PRACOWNIK_PESEL) VALUES ('2', 'Wt', TO_DATE('2017-01-24 14:07:23', 'YYYY-MM-DD HH24:MI:SS'), TO_DATE('2017-01-27 20:07:37', 'YYYY-MM-DD HH24:MI:SS'), '95102812345');
INSERT INTO "KMAGRYTA"."PREFGODZP" (IDPRP, DZIEN, "start", KONIEC, PRACOWNIK_PESEL) VALUES ('3', 'Sr', TO_DATE('2017-01-31 18:07:49', 'YYYY-MM-DD HH24:MI:SS'), TO_DATE('2017-01-27 20:08:00', 'YYYY-MM-DD HH24:MI:SS'), '95040512345');

INSERT INTO "KMAGRYTA"."DOSTAWCASPRZETU" (NAZWA_FIRMY, NIP) VALUES ('TechMed', '1');
INSERT INTO "KMAGRYTA"."DOSTAWCASPRZETU" (NAZWA_FIRMY, NIP) VALUES ('ElkaMed', '2');

INSERT INTO "KMAGRYTA"."TYPURZDOS" (TYPURZADZENIA_IDTUR, DOSTAWCASPRZETU_NIP, CENA) VALUES ('1', '1', '1000');
INSERT INTO "KMAGRYTA"."TYPURZDOS" (TYPURZADZENIA_IDTUR, DOSTAWCASPRZETU_NIP, CENA) VALUES ('1', '2', '5000');









