INSERT INTO "KMAGRYTA"."TYPPRACOWNIKA" (SPECJALIZACJA) VALUES ('Kardiolog');
INSERT INTO "KMAGRYTA"."TYPPRACOWNIKA" (SPECJALIZACJA) VALUES ('Ginekolog');
INSERT INTO "KMAGRYTA"."TYPPRACOWNIKA" (SPECJALIZACJA) VALUES ('Ortopeda');

INSERT INTO "KMAGRYTA"."PRACOWNIK" (PESEL, IMIE, NAZWISKO, WYNAGRODZENIE, TYPPRACOWNIKA_IDTPR, CZY_ZATRUDNIONY) VALUES ('95102812345', 'Kamil', 'Magryta', '10000', '1', '1');
INSERT INTO "KMAGRYTA"."PRACOWNIK" (PESEL, IMIE, NAZWISKO, WYNAGRODZENIE, TYPPRACOWNIKA_IDTPR, CZY_ZATRUDNIONY) VALUES ('95040512345', 'Jakub', 'Olszak', '1000', '3', '1');
INSERT INTO "KMAGRYTA"."PRACOWNIK" (PESEL, IMIE, NAZWISKO, WYNAGRODZENIE, TYPPRACOWNIKA_IDTPR, CZY_ZATRUDNIONY) VALUES ('90010112345', 'Sylwester', 'Kowalski', '2000', '2', '1');

INSERT INTO "KMAGRYTA"."TYPURZADZENIA" (NAZWA_TYPU) VALUES ('Kardiogram');
INSERT INTO "KMAGRYTA"."TYPURZADZENIA" (NAZWA_TYPU) VALUES ('Rentgen');
INSERT INTO "KMAGRYTA"."TYPURZADZENIA" (NAZWA_TYPU) VALUES ('Skalpel');

INSERT INTO "KMAGRYTA"."URZADZENIE" (DATA_ZAKUPU, TYPURZADZENIA_IDTUR) VALUES (TO_DATE('2017-01-25 15:20:51', 'YYYY-MM-DD HH24:MI:SS'), '1');
INSERT INTO "KMAGRYTA"."URZADZENIE" (DATA_ZAKUPU, TYPURZADZENIA_IDTUR) VALUES (TO_DATE('2017-01-09 15:20:57', 'YYYY-MM-DD HH24:MI:SS'), '2');
INSERT INTO "KMAGRYTA"."URZADZENIE" (DATA_ZAKUPU, TYPURZADZENIA_IDTUR) VALUES (TO_DATE('2017-01-03 15:21:01', 'YYYY-MM-DD HH24:MI:SS'), '3');

INSERT INTO "KMAGRYTA"."TYPGABINETU" (NAZWA_RODZAJU_GABINETU) VALUES ('Kardiologiczny');
INSERT INTO "KMAGRYTA"."TYPGABINETU" (NAZWA_RODZAJU_GABINETU) VALUES ('Ginekologiczny');
INSERT INTO "KMAGRYTA"."TYPGABINETU" (NAZWA_RODZAJU_GABINETU) VALUES ('Ortopedyczny');

INSERT INTO "KMAGRYTA"."GABINET" (NR_PIETRA, NR_POKOJU, TYPGABINETU_IDTGAB) VALUES ('1', '1', '1');
INSERT INTO "KMAGRYTA"."GABINET" (NR_PIETRA, NR_POKOJU, TYPGABINETU_IDTGAB) VALUES ('2', '1', '2');
INSERT INTO "KMAGRYTA"."GABINET" (NR_PIETRA, NR_POKOJU, TYPGABINETU_IDTGAB) VALUES ('3', '1', '2');
INSERT INTO "KMAGRYTA"."GABINET" (NR_PIETRA, NR_POKOJU, TYPGABINETU_IDTGAB) VALUES ('4', '1', '1');

INSERT INTO "KMAGRYTA"."TYPSALI" (NAZWA_TYPU_SALI) VALUES ('Kardiologiczna');
INSERT INTO "KMAGRYTA"."TYPSALI" (NAZWA_TYPU_SALI) VALUES ('OIOM');
INSERT INTO "KMAGRYTA"."TYPSALI" (NAZWA_TYPU_SALI) VALUES ('Ortopedyczna');

INSERT INTO "KMAGRYTA"."TYPZABIEGU" (NAZWA_ZABIEGU, TYPSALI_IDTS) VALUES ('Transplantacja serca', '1');
INSERT INTO "KMAGRYTA"."TYPZABIEGU" (NAZWA_ZABIEGU, TYPSALI_IDTS) VALUES ('Nastawienie zlamanej kosci', '3');

INSERT INTO "KMAGRYTA"."PACJENT" (PESEL, IMIE, NAZWISKO) VALUES ('80101012121', 'Jan', 'Kowalski');
INSERT INTO "KMAGRYTA"."PACJENT" (PESEL, IMIE, NAZWISKO) VALUES ('91101011111', 'Sebastian', 'Głowacki');
INSERT INTO "KMAGRYTA"."PACJENT" (PESEL, IMIE, NAZWISKO) VALUES ('91902022222', 'Grażyna', 'Nowak');

INSERT INTO "KMAGRYTA"."SALA" (NR_SALI, NR_PIETRA, TYPSALI_IDTS) VALUES ('2', '2', '1');
INSERT INTO "KMAGRYTA"."SALA" (NR_SALI, NR_PIETRA, TYPSALI_IDTS) VALUES ('3', '3', '3');

INSERT INTO "KMAGRYTA"."PREFGODZP" (DZIEN, POCZATEK, KONIEC, PRACOWNIK_PESEL) VALUES ('Pon', TO_DATE('2017-01-10 05:07:03', 'YYYY-MM-DD HH24:MI:SS'), TO_DATE('2017-01-27 11:07:12', 'YYYY-MM-DD HH24:MI:SS'), '95102812345');
INSERT INTO "KMAGRYTA"."PREFGODZP" (DZIEN, POCZATEK, KONIEC, PRACOWNIK_PESEL) VALUES ('Wt', TO_DATE('2017-01-24 14:07:23', 'YYYY-MM-DD HH24:MI:SS'), TO_DATE('2017-01-27 20:07:37', 'YYYY-MM-DD HH24:MI:SS'), '95102812345');
INSERT INTO "KMAGRYTA"."PREFGODZP" (DZIEN, POCZATEK, KONIEC, PRACOWNIK_PESEL) VALUES ('Sr', TO_DATE('2017-01-31 18:07:49', 'YYYY-MM-DD HH24:MI:SS'), TO_DATE('2017-01-27 20:08:00', 'YYYY-MM-DD HH24:MI:SS'), '95040512345');

INSERT INTO "KMAGRYTA"."DOSTAWCASPRZETU" (NAZWA_FIRMY, NIP) VALUES ('TechMed', '1');
INSERT INTO "KMAGRYTA"."DOSTAWCASPRZETU" (NAZWA_FIRMY, NIP) VALUES ('ElkaMed', '2');

INSERT INTO "KMAGRYTA"."TYPURZDOS" (TYPURZADZENIA_IDTUR, DOSTAWCASPRZETU_NIP, CENA) VALUES ('1', '1', '1000');
INSERT INTO "KMAGRYTA"."TYPURZDOS" (TYPURZADZENIA_IDTUR, DOSTAWCASPRZETU_NIP, CENA) VALUES ('1', '2', '5000');


INSERT INTO "KMAGRYTA"."ZABIEG" (PACJENT_PESEL, SALA_IDS, POCZATEK, KONIEC, IDZ, OPIS_ZABIEGU, POTW, TYPZABIEGU_IDTZA) VALUES ('80101012121', '1', TO_DATE('2017-01-25 11:12:07', 'YYYY-MM-DD HH24:MI:SS'), TO_DATE('2017-01-25 19:12:33', 'YYYY-MM-DD HH24:MI:SS'), '1', 'Operacja udana', '1', '1');
INSERT INTO "KMAGRYTA"."ZABIEG" (PACJENT_PESEL, SALA_IDS, POCZATEK, KONIEC, IDZ, OPIS_ZABIEGU, POTW, TYPZABIEGU_IDTZA) VALUES ('91101011111', '2', TO_DATE('2017-01-23 08:13:35', 'YYYY-MM-DD HH24:MI:SS'), TO_DATE('2017-01-23 11:13:40', 'YYYY-MM-DD HH24:MI:SS'), '2', 'Operacja nieudana', '1', '2');

INSERT INTO "KMAGRYTA"."ZABURZ" (ZABIEG_IDZ, URZADZENIE_IDUR) VALUES ('1', '1');
INSERT INTO "KMAGRYTA"."ZABURZ" (ZABIEG_IDZ, URZADZENIE_IDUR) VALUES ('2', '2');

INSERT INTO "KMAGRYTA"."PRACZAB" (PRACOWNIK_PESEL, ZABIEG_IDZ) VALUES ('95102812345', '1');
INSERT INTO "KMAGRYTA"."PRACZAB" (PRACOWNIK_PESEL, ZABIEG_IDZ) VALUES ('95040512345', '2');



